"tipo","codigo","descricao","credito","parcela_01_12","demais_parcelas","parcela_pf","parcela_pj","redutor","prazo","taxa_adm","adesao","fundo_reserva","seguro","reajuste","sorteio","lance_fixo","lance_embutido","grupo","status","pontos_livelo","imagem"
"Imovel","IMOVEL FLEX IE1 XIE1X","IMOVEL FLEX","70000","444,78","328,09",,,"25","200","25","2","2","Não possui","A média entre IPCA e INCC","1 por mês","40%","30%","1032","Em formação","15567","https://ligaconsorcio.s3.us-east-2.amazonaws.com/midiaimovelporto.png"
"Imovel","IMOVEL FLEX IE2 XIE2X","IMOVEL FLEX","75000","476,57","351,54",,,"25","200","25","2","2","Não possui","A média entre IPCA e INCC","1 por mês","40%","30%","1032","Em formação","16680","https://ligaconsorcio.s3.us-east-2.amazonaws.com/midiaimovelporto.png"
"Imovel","IMOVEL FLEX IE3 XIE3X","IMOVEL FLEX","80000","508,32","374,96",,,"25","200","25","2","2","Não possui","A média entre IPCA e INCC","1 por mês","40%","30%","1032","Em formação","17791","https://ligaconsorcio.s3.us-east-2.amazonaws.com/midiaimovelporto.png"
"Imovel","IMOVEL FLEX IE4 XIE4X","IMOVEL FLEX","85000","540,11","398,41",,,"25","200","25","2","2","Não possui","A média entre IPCA e INCC","1 por mês","40%","30%","1032","Em formação","18904","https://ligaconsorcio.s3.us-east-2.amazonaws.com/midiaimovelporto.png"
"Imovel","IMOVEL FLEX IE5 XIE5X","IMOVEL FLEX","90000","571,86","421,83",,,"25","200","25","2","2","Não possui","A média entre IPCA e INCC","1 por mês","40%","30%","1032","Em formação","20015","https://ligaconsorcio.s3.us-east-2.amazonaws.com/midiaimovelporto.png"
"Imovel","IMOVEL FLEX IE6 XIE6X","IMOVEL FLEX","95000","603,65","445,28",,,"25","200","25","2","2","Não possui","A média entre IPCA e INCC","1 por mês","40%","30%","1032","Em formação","21128","https://ligaconsorcio.s3.us-east-2.amazonaws.com/midiaimovelporto.png"
"Imovel","IMOVEL FLEX IE7 XIE7X","IMOVEL FLEX","100000","635,4","468,7",,,"25","200","25","2","2","Não possui","A média entre IPCA e INCC","1 por mês","40%","30%","1032","Em formação","22239","https://ligaconsorcio.s3.us-east-2.amazonaws.com/midiaimovelporto.png"
"Imovel","IMOVEL FLEX IE8 XIE8X","IMOVEL FLEX","105000","667,19","492,15",,,"25","200","25","2","2","Não possui","A média entre IPCA e INCC","1 por mês","40%","30%","1032","Em formação","23352","https://ligaconsorcio.s3.us-east-2.amazonaws.com/midiaimovelporto.png"
"Imovel","IMOVEL FLEX IE9 XIE9X","IMOVEL FLEX","110000","698,94","515,57",,,"25","200","25","2","2","Não possui","A média entre IPCA e INCC","1 por mês","40%","30%","1032","Em formação","24463","https://ligaconsorcio.s3.us-east-2.amazonaws.com/midiaimovelporto.png"
"Imovel","IMOVEL FLEX IE10 XIE10X","IMOVEL FLEX","115000","730,73","539,02",,,"25","200","25","2","2","Não possui","A média entre IPCA e INCC","1 por mês","40%","30%","1032","Em formação","25576","https://ligaconsorcio.s3.us-east-2.amazonaws.com/midiaimovelporto.png"
"Imovel","IMOVEL FLEX IE11 XIE11X","IMOVEL FLEX","120000","762,48","562,44",,,"25","200","25","2","2","Não possui","A média entre IPCA e INCC","1 por mês","40%","30%","1032","Em formação","26687","https://ligaconsorcio.s3.us-east-2.amazonaws.com/midiaimovelporto.png"
"Imovel","IMOVEL FLEX IE12 XIE12X","IMOVEL FLEX","125000","794,27","585,89",,,"25","200","25","2","2","Não possui","A média entre IPCA e INCC","1 por mês","40%","30%","1032","Em formação","27799","https://ligaconsorcio.s3.us-east-2.amazonaws.com/midiaimovelporto.png"
"Imovel","IMOVEL FLEX IE13 XIE13X","IMOVEL FLEX","130000","826,02","609,31",,,"25","200","25","2","2","Não possui","A média entre IPCA e INCC","1 por mês","40%","30%","1032","Em formação","28911","https://ligaconsorcio.s3.us-east-2.amazonaws.com/midiaimovelporto.png"
"Imovel","IMOVEL FLEX IE14 XIE14X","IMOVEL FLEX","135000","857,81","632,76",,,"25","200","25","2","2","Não possui","A média entre IPCA e INCC","1 por mês","40%","30%","1032","Em formação","30023","https://ligaconsorcio.s3.us-east-2.amazonaws.com/midiaimovelporto.png"
"Imovel","IMOVEL FLEX IE15 XIE15X","IMOVEL FLEX","140000","889,56","656,18",,,"25","200","25","2","2","Não possui","A média entre IPCA e INCC","1 por mês","40%","30%","1032","Em formação","31135","https://ligaconsorcio.s3.us-east-2.amazonaws.com/midiaimovelporto.png"
"Imovel","O1 IMOVEL PLANO FLEX MEDIO XO1X","IMOVEL FLEX","140000","879,06","645,68",,,"25","200","23","2","2","Não possui","A média entre IPCA e INCC","1 por mês","40%","30%","1033","Em formação","30767","https://ligaconsorcio.s3.us-east-2.amazonaws.com/midiaimovelporto.png"
"Imovel","O2 IMOVEL PLANO FLEX MEDIO XO2X","IMOVEL FLEX","150000","941,85","691,8",,,"25","200","23","2","2","Não possui","A média entre IPCA e INCC","1 por mês","40%","30%","1033","Em formação","32965","https://ligaconsorcio.s3.us-east-2.amazonaws.com/midiaimovelporto.png"
"Imovel","O3 IMOVEL PLANO FLEX MEDIO XO3X","IMOVEL FLEX","160000","1004,64","737,92",,,"25","200","23","2","2","Não possui","A média entre IPCA e INCC","1 por mês","40%","30%","1033","Em formação","35162","https://ligaconsorcio.s3.us-east-2.amazonaws.com/midiaimovelporto.png"
"Imovel","O4 IMOVEL PLANO FLEX MEDIO XO4X","IMOVEL FLEX","170000","1067,43","784,04",,,"25","200","23","2","2","Não possui","A média entre IPCA e INCC","1 por mês","40%","30%","1033","Em formação","37360","https://ligaconsorcio.s3.us-east-2.amazonaws.com/midiaimovelporto.png"
"Imovel","O5 IMOVEL PLANO FLEX MEDIO XO5X","IMOVEL FLEX","180000","1130,22","830,16",,,"25","200","23","2","2","Não possui","A média entre IPCA e INCC","1 por mês","40%","30%","1033","Em formação","39558","https://ligaconsorcio.s3.us-east-2.amazonaws.com/midiaimovelporto.png"
"Imovel","O6 IMOVEL PLANO FLEX MEDIO XO6X","IMOVEL FLEX","190000","1193,01","876,28",,,"25","200","23","2","2","Não possui","A média entre IPCA e INCC","1 por mês","40%","30%","1033","Em formação","41755","https://ligaconsorcio.s3.us-east-2.amazonaws.com/midiaimovelporto.png"
"Imovel","O7 IMOVEL PLANO FLEX MEDIO XO7X","IMOVEL FLEX","200000","1255,8","922,4",,,"25","200","23","2","2","Não possui","A média entre IPCA e INCC","1 por mês","40%","30%","1033","Em formação","43953","https://ligaconsorcio.s3.us-east-2.amazonaws.com/midiaimovelporto.png"
"Imovel","O8 IMOVEL PLANO FLEX MEDIO XO8X","IMOVEL FLEX","210000","1318,59","968,52",,,"25","200","23","2","2","Não possui","A média entre IPCA e INCC","1 por mês","40%","30%","1033","Em formação","46151","https://ligaconsorcio.s3.us-east-2.amazonaws.com/midiaimovelporto.png"
"Imovel","O9 IMOVEL PLANO FLEX MEDIO XO9X","IMOVEL FLEX","220000","1381,38","1014,64",,,"25","200","23","2","2","Não possui","A média entre IPCA e INCC","1 por mês","40%","30%","1033","Em formação","48348","https://ligaconsorcio.s3.us-east-2.amazonaws.com/midiaimovelporto.png"
"Imovel","O10 IMOVEL PLANO FLEX MEDIO XO10X","IMOVEL FLEX","230000","1444,17","1060,76",,,"25","200","23","2","2","Não possui","A média entre IPCA e INCC","1 por mês","40%","30%","1033","Em formação","50546","https://ligaconsorcio.s3.us-east-2.amazonaws.com/midiaimovelporto.png"
"Imovel","O11 IMOVEL PLANO FLEX MEDIO XO11X","IMOVEL FLEX","240000","1506,96","1106,88",,,"25","200","23","2","2","Não possui","A média entre IPCA e INCC","1 por mês","40%","30%","1033","Em formação","52744","https://ligaconsorcio.s3.us-east-2.amazonaws.com/midiaimovelporto.png"
"Imovel","O12 IMOVEL PLANO FLEX MEDIO XO12X","IMOVEL FLEX","250000","1569,75","1153",,,"25","200","23","2","2","Não possui","A média entre IPCA e INCC","1 por mês","40%","30%","1033","Em formação","54941","https://ligaconsorcio.s3.us-east-2.amazonaws.com/midiaimovelporto.png"
"Imovel","O13 IMOVEL PLANO FLEX MEDIO XO13X","IMOVEL FLEX","260000","1632,54","1199,12",,,"25","200","23","2","2","Não possui","A média entre IPCA e INCC","1 por mês","40%","30%","1033","Em formação","57139","https://ligaconsorcio.s3.us-east-2.amazonaws.com/midiaimovelporto.png"
"Imovel","O14 IMOVEL PLANO FLEX MEDIO XO14X","IMOVEL FLEX","270000","1695,33","1245,24",,,"25","200","23","2","2","Não possui","A média entre IPCA e INCC","1 por mês","40%","30%","1033","Em formação","59337","https://ligaconsorcio.s3.us-east-2.amazonaws.com/midiaimovelporto.png"
"Imovel","O15 IMOVEL PLANO FLEX MEDIO XO15X","IMOVEL FLEX","280000","1758,12","1291,36",,,"25","200","23","2","2","Não possui","A média entre IPCA e INCC","1 por mês","40%","30%","1033","Em formação","61534","https://ligaconsorcio.s3.us-east-2.amazonaws.com/midiaimovelporto.png"
"Imovel","M01 IMOVEL PLANO FLEX M01","IMOVEL FLEX","280000","1737,12","1270,36",,,"25","200","21","2","2","Não possui","A média entre IPCA e INCC","1 por mês","40%","30%","1034","Em formação","60799","https://ligaconsorcio.s3.us-east-2.amazonaws.com/midiaimovelporto.png"
"Imovel","M02 IMOVEL PLANO FLEX M02","IMOVEL FLEX","290000","1799,16","1315,73",,,"25","200","21","2","2","Não possui","A média entre IPCA e INCC","1 por mês","40%","30%","1034","Em formação","62971","https://ligaconsorcio.s3.us-east-2.amazonaws.com/midiaimovelporto.png"
"Imovel","M03 IMOVEL PLANO FLEX M03","IMOVEL FLEX","300000","1861,2","1361,1",,,"25","200","21","2","2","Não possui","A média entre IPCA e INCC","1 por mês","40%","30%","1034","Em formação","65142","https://ligaconsorcio.s3.us-east-2.amazonaws.com/midiaimovelporto.png"
"Imovel","M04 IMOVEL PLANO FLEX M04","IMOVEL FLEX","310000","1923,24","1406,47",,,"25","200","21","2","2","Não possui","A média entre IPCA e INCC","1 por mês","40%","30%","1034","Em formação","67313","https://ligaconsorcio.s3.us-east-2.amazonaws.com/midiaimovelporto.png"
"Imovel","M05 IMOVEL PLANO FLEX M05","IMOVEL FLEX","320000","1985,28","1451,84",,,"25","200","21","2","2","Não possui","A média entre IPCA e INCC","1 por mês","40%","30%","1034","Em formação","69485","https://ligaconsorcio.s3.us-east-2.amazonaws.com/midiaimovelporto.png"
"Imovel","M06 IMOVEL PLANO FLEX M06","IMOVEL FLEX","330000","2047,32","1497,21",,,"25","200","21","2","2","Não possui","A média entre IPCA e INCC","1 por mês","40%","30%","1034","Em formação","71656","https://ligaconsorcio.s3.us-east-2.amazonaws.com/midiaimovelporto.png"
"Imovel","M07 IMOVEL PLANO FLEX M07","IMOVEL FLEX","340000","2109,36","1542,58",,,"25","200","21","2","2","Não possui","A média entre IPCA e INCC","1 por mês","40%","30%","1034","Em formação","73828","https://ligaconsorcio.s3.us-east-2.amazonaws.com/midiaimovelporto.png"
"Imovel","M08 IMOVEL PLANO FLEX M08","IMOVEL FLEX","350000","2171,4","1587,95",,,"25","200","21","2","2","Não possui","A média entre IPCA e INCC","1 por mês","40%","30%","1034","Em formação","75999","https://ligaconsorcio.s3.us-east-2.amazonaws.com/midiaimovelporto.png"
"Imovel","M09 IMOVEL PLANO FLEX M09","IMOVEL FLEX","360000","2233,44","1633,32",,,"25","200","21","2","2","Não possui","A média entre IPCA e INCC","1 por mês","40%","30%","1034","Em formação","78170","https://ligaconsorcio.s3.us-east-2.amazonaws.com/midiaimovelporto.png"
"Imovel","M10 IMOVEL PLANO FLEX M10","IMOVEL FLEX","370000","2295,48","1678,69",,,"25","200","21","2","2","Não possui","A média entre IPCA e INCC","1 por mês","40%","30%","1034","Em formação","80342","https://ligaconsorcio.s3.us-east-2.amazonaws.com/midiaimovelporto.png"
"Imovel","M11 IMOVEL PLANO FLEX M11","IMOVEL FLEX","380000","2357,52","1724,06",,,"25","200","21","2","2","Não possui","A média entre IPCA e INCC","1 por mês","40%","30%","1034","Em formação","82513","https://ligaconsorcio.s3.us-east-2.amazonaws.com/midiaimovelporto.png"
"Imovel","M13 IMOVEL PLANO FLEX M13","IMOVEL FLEX","400000","2481,6","1814,8",,,"25","200","21","2","2","Não possui","A média entre IPCA e INCC","1 por mês","40%","30%","1034","Em formação","86856","https://ligaconsorcio.s3.us-east-2.amazonaws.com/midiaimovelporto.png"
"Imovel","M15 IMOVEL PLANO FLEX M15","IMOVEL FLEX","420000","2605,68","1905,54",,,"25","200","21","2","2","Não possui","A média entre IPCA e INCC","1 por mês","40%","30%","1034","Em formação","91199","https://ligaconsorcio.s3.us-east-2.amazonaws.com/midiaimovelporto.png"
"Imovel","M16 IMOVEL PLANO FLEX M16","IMOVEL FLEX","430000","2667,72","1950,91",,,"25","200","21","2","2","Não possui","A média entre IPCA e INCC","1 por mês","40%","30%","1034","Em formação","93370","https://ligaconsorcio.s3.us-east-2.amazonaws.com/midiaimovelporto.png"
"Imovel","M17 IMOVEL PLANO FLEX M17","IMOVEL FLEX","440000","2729,76","1996,28",,,"25","200","21","2","2","Não possui","A média entre IPCA e INCC","1 por mês","40%","30%","1034","Em formação","95542","https://ligaconsorcio.s3.us-east-2.amazonaws.com/midiaimovelporto.png"
"Imovel","M18 IMOVEL PLANO FLEX M18","IMOVEL FLEX","450000","2791,8","2041,65",,,"25","200","21","2","2","Não possui","A média entre IPCA e INCC","1 por mês","40%","30%","1034","Em formação","97713","https://ligaconsorcio.s3.us-east-2.amazonaws.com/midiaimovelporto.png"
"Imovel","M19 IMOVEL PLANO FLEX M19","IMOVEL FLEX","460000","2853,84","2087,02",,,"25","200","21","2","2","Não possui","A média entre IPCA e INCC","1 por mês","40%","30%","1034","Em formação","99884","https://ligaconsorcio.s3.us-east-2.amazonaws.com/midiaimovelporto.png"
"Imovel","M20 IMOVEL PLANO FLEX M20","IMOVEL FLEX","470000","2915,88","2132,39",,,"25","200","21","2","2","Não possui","A média entre IPCA e INCC","1 por mês","40%","30%","1034","Em formação","102056","https://ligaconsorcio.s3.us-east-2.amazonaws.com/midiaimovelporto.png"
"Imovel","M21 IMOVEL PLANO FLEX M21","IMOVEL FLEX","480000","2977,92","2177,76",,,"25","200","21","2","2","Não possui","A média entre IPCA e INCC","1 por mês","40%","30%","1034","Em formação","104227","https://ligaconsorcio.s3.us-east-2.amazonaws.com/midiaimovelporto.png"
"Imovel","M23 IMOVEL PLANO FLEX M23","IMOVEL FLEX","500000","3102","2268,5",,,"25","200","21","2","2","Não possui","A média entre IPCA e INCC","1 por mês","40%","30%","1034","Em formação","108570","https://ligaconsorcio.s3.us-east-2.amazonaws.com/midiaimovelporto.png"
"Imovel","M24 IMOVEL PLANO FLEX M24","IMOVEL FLEX","510000","3164,04","2313,87",,,"25","200","21","2","2","Não possui","A média entre IPCA e INCC","1 por mês","40%","30%","1034","Em formação","110741","https://ligaconsorcio.s3.us-east-2.amazonaws.com/midiaimovelporto.png"
"Imovel","M25 IMOVEL PLANO FLEX M25","IMOVEL FLEX","520000","3226,08","2359,24",,,"25","200","21","2","2","Não possui","A média entre IPCA e INCC","1 por mês","40%","30%","1034","Em formação","112913","https://ligaconsorcio.s3.us-east-2.amazonaws.com/midiaimovelporto.png"
"Imovel","M26 IMOVEL PLANO FLEX M26","IMOVEL FLEX","530000","3288,12","2404,61",,,"25","200","21","2","2","Não possui","A média entre IPCA e INCC","1 por mês","40%","30%","1034","Em formação","115084","https://ligaconsorcio.s3.us-east-2.amazonaws.com/midiaimovelporto.png"
"Imovel","M27 IMOVEL PLANO FLEX M27","IMOVEL FLEX","540000","3350,16","2449,98",,,"25","200","21","2","2","Não possui","A média entre IPCA e INCC","1 por mês","40%","30%","1034","Em formação","117256","https://ligaconsorcio.s3.us-east-2.amazonaws.com/midiaimovelporto.png"
"Imovel","M28 IMOVEL PLANO FLEX M28","IMOVEL FLEX","550000","3412,2","2495,35",,,"25","200","21","2","2","Não possui","A média entre IPCA e INCC","1 por mês","40%","30%","1034","Em formação","119427","https://ligaconsorcio.s3.us-east-2.amazonaws.com/midiaimovelporto.png"
"Imovel","M29 IMOVEL PLANO FLEX M29","IMOVEL FLEX","560000","3474,24","2540,72",,,"25","200","21","2","2","Não possui","A média entre IPCA e INCC","1 por mês","40%","30%","1034","Em formação","121598","https://ligaconsorcio.s3.us-east-2.amazonaws.com/midiaimovelporto.png"
"Imovel","IMP01- IMOVEL PLANO PREMIUM XIMP01X","IMOVEL PLANO PREMIUM","600000","3688,8","2688",,,"25","200","19.5","2","2","Não possui","A média entre IPCA e INCC","1 por mês","40%","30%","1035","Em formação","129108","https://ligaconsorcio.s3.us-east-2.amazonaws.com/midiaimovelporto.png"
"Imovel","IMP02- IMOVEL PLANO PREMIUM XIMP02X","IMOVEL PLANO PREMIUM","650000","3996,2","2912",,,"25","200","19.5","2","2","Não possui","A média entre IPCA e INCC","1 por mês","40%","30%","1035","Em formação","139867","https://ligaconsorcio.s3.us-east-2.amazonaws.com/midiaimovelporto.png"
"Imovel","IMP03 - IMOVEL PLANO PREMIUM XIMP03X","IMOVEL PLANO PREMIUM","700000","4303,6","3136",,,"25","200","19.5","2","2","Não possui","A média entre IPCA e INCC","1 por mês","40%","30%","1035","Em formação","150626","https://ligaconsorcio.s3.us-east-2.amazonaws.com/midiaimovelporto.png"
"Imovel","IMP04 - IMOVEL PLANO PREMIUM XIMP04X","IMOVEL PLANO PREMIUM","750000","4611","3360",,,"25","200","19.5","2","2","Não possui","A média entre IPCA e INCC","1 por mês","40%","30%","1035","Em formação","161385","https://ligaconsorcio.s3.us-east-2.amazonaws.com/midiaimovelporto.png"
"Imovel","IMP05 - IMOVEL PLANO PREMIUM XIMP05X","IMOVEL PLANO PREMIUM","800000","4918,4","3584",,,"25","200","19.5","2","2","Não possui","A média entre IPCA e INCC","1 por mês","40%","30%","1035","Em formação","172144","https://ligaconsorcio.s3.us-east-2.amazonaws.com/midiaimovelporto.png"
"Imovel","IMP06 - IMOVEL PLANO PREMIUM XIMP06X","IMOVEL PLANO PREMIUM","850000","5225,8","3808",,,"25","200","19.5","2","2","Não possui","A média entre IPCA e INCC","1 por mês","40%","30%","1035","Em formação","182903","https://ligaconsorcio.s3.us-east-2.amazonaws.com/midiaimovelporto.png"
"Imovel","IMP07 - IMOVEL PLANO PREMIUM XIMP07X","IMOVEL PLANO PREMIUM","900000","5533,2","4032",,,"25","200","19.5","2","2","Não possui","A média entre IPCA e INCC","1 por mês","40%","30%","1035","Em formação","193662","https://ligaconsorcio.s3.us-east-2.amazonaws.com/midiaimovelporto.png"
"Imovel","IMP08 - IMOVEL PLANO PREMIUM XIMP08X","IMOVEL PLANO PREMIUM","1000000","6148","4480",,,"25","200","19.5","2","2","Não possui","A média entre IPCA e INCC","1 por mês","40%","30%","1035","Em formação","215180","https://ligaconsorcio.s3.us-east-2.amazonaws.com/midiaimovelporto.png"
"Auto","AF01","AUTOMOVEL FLEX AF01","25000",,,"480,01","480,01","20","50","18",,"2","Não possui","IPCA","1 por mês","Não possui","15%","996","Em formação","6720","https://ligaconsorcio.s3.us-east-2.amazonaws.com/midiaautoporto.png"
"Auto","AF02","AUTOMOVEL FLEX AF02","27500",,,"528","528","20","50","18",,"2","Não possui","IPCA","1 por mês","Não possui","15%","996","Em formação","7392","https://ligaconsorcio.s3.us-east-2.amazonaws.com/midiaautoporto.png"
"Auto","AF03","AUTOMOVEL FLEX AF03","30000",,,"576","576","20","50","18",,"2","Não possui","IPCA","1 por mês","Não possui","15%","996","Em formação","8064","https://ligaconsorcio.s3.us-east-2.amazonaws.com/midiaautoporto.png"
"Auto","AF04","AUTOMOVEL FLEX AF04","32500",,,"624","624","20","50","18",,"2","Não possui","IPCA","1 por mês","Não possui","15%","996","Em formação","8736","https://ligaconsorcio.s3.us-east-2.amazonaws.com/midiaautoporto.png"
"Auto","AF05","AUTOMOVEL FLEX AF05","35000",,,"672,01","672,01","20","50","18",,"2","Não possui","IPCA","1 por mês","Não possui","15%","996","Em formação","9408","https://ligaconsorcio.s3.us-east-2.amazonaws.com/midiaautoporto.png"
"Auto","AF06","AUTOMOVEL FLEX AF06","37500",,,"720","720","20","50","18",,"2","Não possui","IPCA","1 por mês","Não possui","15%","996","Em formação","10080","https://ligaconsorcio.s3.us-east-2.amazonaws.com/midiaautoporto.png"
"Auto","AF07","AUTOMOVEL FLEX AF07","40000",,,"768","768","20","50","18",,"2","Não possui","IPCA","1 por mês","Não possui","15%","996","Em formação","10752","https://ligaconsorcio.s3.us-east-2.amazonaws.com/midiaautoporto.png"
"Auto","AF08","AUTOMOVEL FLEX AF08","42500",,,"816","816","20","50","18",,"2","Não possui","IPCA","1 por mês","Não possui","15%","996","Em formação","11424","https://ligaconsorcio.s3.us-east-2.amazonaws.com/midiaautoporto.png"
"Auto","AF09","AUTOMOVEL FLEX AF09","45000",,,"864,01","864,01","20","50","18",,"2","Não possui","IPCA","1 por mês","Não possui","15%","996","Em formação","12096","https://ligaconsorcio.s3.us-east-2.amazonaws.com/midiaautoporto.png"
"Auto","AF10","AUTOMOVEL FLEX AF10","47500",,,"912","912","20","50","18",,"2","Não possui","IPCA","1 por mês","Não possui","15%","996","Em formação","12768","https://ligaconsorcio.s3.us-east-2.amazonaws.com/midiaautoporto.png"
"Auto","AF11","AUTOMOVEL FLEX AF11","50000",,,"960","960","20","50","18",,"2","Não possui","IPCA","1 por mês","Não possui","15%","996","Em formação","13440","https://ligaconsorcio.s3.us-east-2.amazonaws.com/midiaautoporto.png"
"Auto","AFCA01","AUTOMOVEL FLEX CREDITO ALTO AFCA01","62500",,,"737,44","737,44","20","80","16",,"2","Não possui","IPCA","1 por mês","Não possui","15%","997","Em formação","13274","https://ligaconsorcio.s3.us-east-2.amazonaws.com/midiaautoporto.png"
"Auto","AFCA02","AUTOMOVEL FLEX CREDITO ALTO AFCA02","67000",,,"790,53","790,53","20","80","16",,"2","Não possui","IPCA","1 por mês","Não possui","15%","997","Em formação","14230","https://ligaconsorcio.s3.us-east-2.amazonaws.com/midiaautoporto.png"
"Auto","AFCA03","AUTOMOVEL FLEX CREDITO ALTO AFCA03","67500",,,"796,44","796,44","20","80","16",,"2","Não possui","IPCA","1 por mês","Não possui","15%","997","Em formação","14336","https://ligaconsorcio.s3.us-east-2.amazonaws.com/midiaautoporto.png"
"Auto","AFCA04","AUTOMOVEL FLEX CREDITO ALTO AFCA04","72500",,,"855,43","855,43","20","80","16",,"2","Não possui","IPCA","1 por mês","Não possui","15%","997","Em formação","15398","https://ligaconsorcio.s3.us-east-2.amazonaws.com/midiaautoporto.png"
"Auto","AFCA05","AUTOMOVEL FLEX CREDITO ALTO AFCA05","77500",,,"914,43","914,43","20","80","16",,"2","Não possui","IPCA","1 por mês","Não possui","15%","997","Em formação","16460","https://ligaconsorcio.s3.us-east-2.amazonaws.com/midiaautoporto.png"
"Auto","AFCA06","AUTOMOVEL FLEX CREDITO ALTO AFCA06","82500",,,"973,42","973,42","20","80","16",,"2","Não possui","IPCA","1 por mês","Não possui","15%","997","Em formação","17522","https://ligaconsorcio.s3.us-east-2.amazonaws.com/midiaautoporto.png"
"Auto","AFCA07","AUTOMOVEL FLEX CREDITO ALTO AFCA07","87500",,,"1032,42","1032,42","20","80","16",,"2","Não possui","IPCA","1 por mês","Não possui","15%","997","Em formação","18584","https://ligaconsorcio.s3.us-east-2.amazonaws.com/midiaautoporto.png"
"Auto","AFCA08","AUTOMOVEL FLEX CREDITO ALTO AFCA08","92500",,,"1091,41","1091,41","20","80","16",,"2","Não possui","IPCA","1 por mês","Não possui","15%","997","Em formação","19645","https://ligaconsorcio.s3.us-east-2.amazonaws.com/midiaautoporto.png"
"Auto","AFCA09","AUTOMOVEL FLEX CREDITO ALTO AFCA09","97500",,,"1150,41","1150,41","20","80","16",,"2","Não possui","IPCA","1 por mês","Não possui","15%","997","Em formação","20707","https://ligaconsorcio.s3.us-east-2.amazonaws.com/midiaautoporto.png"
"Auto","AFCA010","AUTOMOVEL FLEX CREDITO ALTO AFCA10","102500",,,"1209,4","1209,4","20","80","16",,"2","Não possui","IPCA","1 por mês","Não possui","15%","997","Em formação","21769","https://ligaconsorcio.s3.us-east-2.amazonaws.com/midiaautoporto.png"
"Auto","AFCA11","AUTOMOVEL FLEX CREDITO ALTO AFCA11","107500",,,"1268,4","1268,4","20","80","16",,"2","Não possui","IPCA","1 por mês","Não possui","15%","997","Em formação","22831","https://ligaconsorcio.s3.us-east-2.amazonaws.com/midiaautoporto.png"
"Auto","AFCA12","AUTOMOVEL FLEX CREDITO ALTO AFCA12","112500",,,"1327,39","1327,39","20","80","16",,"2","Não possui","IPCA","1 por mês","Não possui","15%","997","Em formação","23893","https://ligaconsorcio.s3.us-east-2.amazonaws.com/midiaautoporto.png"
"Auto","AFCA13","AUTOMOVEL FLEX CREDITO ALTO AFCA13","117500",,,"1386,39","1386,39","20","80","16",,"2","Não possui","IPCA","1 por mês","Não possui","15%","997","Em formação","24955","https://ligaconsorcio.s3.us-east-2.amazonaws.com/midiaautoporto.png"
"Auto","AFCA14","AUTOMOVEL FLEX CREDITO ALTO AFCA14","122500",,,"1445,38","1445,38","20","80","16",,"2","Não possui","IPCA","1 por mês","Não possui","15%","997","Em formação","26017","https://ligaconsorcio.s3.us-east-2.amazonaws.com/midiaautoporto.png"
"Auto","AFCA15","AUTOMOVEL FLEX CREDITO ALTO AFCA15","125000",,,"1474,88","1474,88","20","80","16",,"2","Não possui","IPCA","1 por mês","Não possui","15%","997","Em formação","26548","https://ligaconsorcio.s3.us-east-2.amazonaws.com/midiaautoporto.png"
"Auto","AFCM01","AUTOMOVEL FLEX CREDITO MEDIO AFCM01","34000",,,"453,32","453,32","20","72","18",,"2","Não possui","IPCA","1 por mês","Não possui","15%","995","Em formação","8160","https://ligaconsorcio.s3.us-east-2.amazonaws.com/midiaautoporto.png"
"Auto","AFCM02","AUTOMOVEL FLEX CREDITO MEDIO AFCM02","35000",,,"466,66","466,66","20","72","18",,"2","Não possui","IPCA","1 por mês","Não possui","15%","995","Em formação","8400","https://ligaconsorcio.s3.us-east-2.amazonaws.com/midiaautoporto.png"
"Auto","AFCM03","AUTOMOVEL FLEX CREDITO MEDIO AFCM03","37500",,,"499,99","499,99","20","72","18",,"2","Não possui","IPCA","1 por mês","Não possui","15%","995","Em formação","9000","https://ligaconsorcio.s3.us-east-2.amazonaws.com/midiaautoporto.png"
"Auto","AFCM04","AUTOMOVEL FLEX CREDITO MEDIO AFCM04","40000",,,"533,32","533,32","20","72","18",,"2","Não possui","IPCA","1 por mês","Não possui","15%","995","Em formação","9600","https://ligaconsorcio.s3.us-east-2.amazonaws.com/midiaautoporto.png"
"Auto","AFCM05","AUTOMOVEL FLEX CREDITO MEDIO AFCM05","42500",,,"566,66","566,66","20","72","18",,"2","Não possui","IPCA","1 por mês","Não possui","15%","995","Em formação","10200","https://ligaconsorcio.s3.us-east-2.amazonaws.com/midiaautoporto.png"
"Auto","AFCM06","AUTOMOVEL FLEX CREDITO MEDIO AFCM06","45000",,,"599,99","599,99","20","72","18",,"2","Não possui","IPCA","1 por mês","Não possui","15%","995","Em formação","10800","https://ligaconsorcio.s3.us-east-2.amazonaws.com/midiaautoporto.png"
"Auto","AFCM07","AUTOMOVEL FLEX CREDITO MEDIO AFCM07","47500",,,"633,32","633,32","20","72","18",,"2","Não possui","IPCA","1 por mês","Não possui","15%","995","Em formação","11400","https://ligaconsorcio.s3.us-east-2.amazonaws.com/midiaautoporto.png"
"Auto","AFCM08","AUTOMOVEL FLEX CREDITO MEDIO AFCM08","50000",,,"666,65","666,65","20","72","18",,"2","Não possui","IPCA","1 por mês","Não possui","15%","995","Em formação","12000","https://ligaconsorcio.s3.us-east-2.amazonaws.com/midiaautoporto.png"
"Auto","AFCM09","AUTOMOVEL FLEX CREDITO MEDIO AFCM09","52500",,,"699,99","699,99","20","72","18",,"2","Não possui","IPCA","1 por mês","Não possui","15%","995","Em formação","12600","https://ligaconsorcio.s3.us-east-2.amazonaws.com/midiaautoporto.png"
"Auto","AFCM10","AUTOMOVEL FLEX CREDITO MEDIO AFCM10","55000",,,"733,32","733,32","20","72","18",,"2","Não possui","IPCA","1 por mês","Não possui","15%","995","Em formação","13200","https://ligaconsorcio.s3.us-east-2.amazonaws.com/midiaautoporto.png"
"Auto","AFCM11","AUTOMOVEL FLEX CREDITO MEDIO AFCM11","57500",,,"766,65","766,65","20","72","18",,"2","Não possui","IPCA","1 por mês","Não possui","15%","995","Em formação","13800","https://ligaconsorcio.s3.us-east-2.amazonaws.com/midiaautoporto.png"
"Auto","AFCM12","AUTOMOVEL FLEX CREDITO MEDIO AFCM12","60000",,,"799,98","799,98","20","72","18",,"2","Não possui","IPCA","1 por mês","Não possui","15%","995","Em formação","14400","https://ligaconsorcio.s3.us-east-2.amazonaws.com/midiaautoporto.png"
"Auto","AFCM13","AUTOMOVEL FLEX CREDITO MEDIO AFCM13","62500",,,"833,32","833,32","20","72","18",,"2","Não possui","IPCA","1 por mês","Não possui","15%","995","Em formação","15000","https://ligaconsorcio.s3.us-east-2.amazonaws.com/midiaautoporto.png"
"Auto","AFCM14","AUTOMOVEL FLEX CREDITO MEDIO AFCM14","65000",,,"866,65","866,65","20","72","18",,"2","Não possui","IPCA","1 por mês","Não possui","15%","995","Em formação","15600","https://ligaconsorcio.s3.us-east-2.amazonaws.com/midiaautoporto.png"
"Auto","VPM01","VEICULOS PESADOS","180000",,,"1391,76","1391,76","20","120","14",,"2","Não possui","IPCA","1 por mês","40%","30%","965","Em andamento","41753","https://ligaconsorcio.s3.us-east-2.amazonaws.com/midiaautoporto.png"
"Auto","VPM02","VEICULOS PESADOS","190000",,,"1469,08","1469,08","20","120","14",,"2","Não possui","IPCA","1 por mês","40%","30%","965","Em andamento","44072","https://ligaconsorcio.s3.us-east-2.amazonaws.com/midiaautoporto.png"
"Auto","VPM03","VEICULOS PESADOS","200000",,,"1546,4","1546,4","20","120","14",,"2","Não possui","IPCA","1 por mês","40%","30%","965","Em andamento","46392","https://ligaconsorcio.s3.us-east-2.amazonaws.com/midiaautoporto.png"
"Auto","VPM04","VEICULOS PESADOS","210000",,,"1623,72","1623,72","20","120","14",,"2","Não possui","IPCA","1 por mês","40%","30%","965","Em andamento","48712","https://ligaconsorcio.s3.us-east-2.amazonaws.com/midiaautoporto.png"
"Auto","VPM05","VEICULOS PESADOS","220000",,,"1701,04","1701,04","20","120","14",,"2","Não possui","IPCA","1 por mês","40%","30%","965","Em andamento","51031","https://ligaconsorcio.s3.us-east-2.amazonaws.com/midiaautoporto.png"
"Auto","VPM06","VEICULOS PESADOS","230000",,,"1778,36","1778,36","20","120","14",,"2","Não possui","IPCA","1 por mês","40%","30%","965","Em andamento","53351","https://ligaconsorcio.s3.us-east-2.amazonaws.com/midiaautoporto.png"
"Auto","VPM07","VEICULOS PESADOS","240000",,,"1855,68","1855,68","20","120","14",,"2","Não possui","IPCA","1 por mês","40%","30%","965","Em andamento","55670","https://ligaconsorcio.s3.us-east-2.amazonaws.com/midiaautoporto.png"
"Auto","VPM08","VEICULOS PESADOS","250000",,,"1993","1993","20","120","14",,"2","Não possui","IPCA","1 por mês","40%","30%","965","Em andamento","59790","https://ligaconsorcio.s3.us-east-2.amazonaws.com/midiaautoporto.png"
"Auto","VPM09","VEICULOS PESADOS","260000",,,"2010,32","2010,32","20","120","14",,"2","Não possui","IPCA","1 por mês","40%","30%","965","Em andamento","60310","https://ligaconsorcio.s3.us-east-2.amazonaws.com/midiaautoporto.png"
"Auto","VPM10","VEICULOS PESADOS","270000",,,"2087,64","2087,64","20","120","14",,"2","Não possui","IPCA","1 por mês","40%","30%","965","Em andamento","62629","https://ligaconsorcio.s3.us-east-2.amazonaws.com/midiaautoporto.png"
"Auto","VPM11","VEICULOS PESADOS","280000",,,"2164,96","2164,96","20","120","14",,"2","Não possui","","1 por mês","40%","30%","965","Em andamento","64949","https://ligaconsorcio.s3.us-east-2.amazonaws.com/midiaautoporto.png"
"Auto","VPM12","VEICULOS PESADOS","290000",,,"2242,28","2242,28","20","120","14",,"2","Não possui","","1 por mês","40%","30%","965","Em andamento","67268","https://ligaconsorcio.s3.us-east-2.amazonaws.com/midiaautoporto.png"
"Auto","VPM13","VEICULOS PESADOS","300000",,,"2319,6","2319,6","20","120","14",,"2","Não possui","","1 por mês","40%","30%","965","Em andamento","69588","https://ligaconsorcio.s3.us-east-2.amazonaws.com/midiaautoporto.png"
"Auto","VPM14","VEICULOS PESADOS","310000",,,"2396,92","2396,92","20","120","14",,"2","Não possui","","1 por mês","40%","30%","965","Em andamento","71908","https://ligaconsorcio.s3.us-east-2.amazonaws.com/midiaautoporto.png"
"Auto","VPM15","VEICULOS PESADOS","320000",,,"2474,24","2474,24","20","120","14",,"2","Não possui","","1 por mês","40%","30%","965","Em andamento","74227","https://ligaconsorcio.s3.us-east-2.amazonaws.com/midiaautoporto.png"
"Auto","VPM16","VEICULOS PESADOS","330000",,,"2551,56","2551,56","20","120","14",,"2","Não possui","","1 por mês","40%","30%","965","Em andamento","76547",""
"Auto","VPM17","VEICULOS PESADOS","340000",,,"2628,88","2628,88","20","120","14",,"2","Não possui","","1 por mês","40%","30%","965","Em andamento","78866",""
"Auto","VPM18","VEICULOS PESADOS","350000",,,"2709,2","2709,2","20","120","14",,"2","Não possui","","1 por mês","40%","30%","965","Em andamento","81276",""
"Auto","VPM19","VEICULOS PESADOS","360000",,,"2783,52","2783,52","20","120","14",,"2","Não possui","","1 por mês","40%","30%","965","Em andamento","83506",""
"Auto","AFC+01","CREDITO ALTO PREMIUM 1","125000",,,"1300,01","1300,01","20","90","15",,"2","Não possui","","1 por mês","Não possui","15%","998","Em formação","32500",""
"Auto","AFC+02","CREDITO ALTO PREMIUM 2","130000",,,"1352","1352","20","90","15",,"2","Não possui","","1 por mês","Não possui","15%","998","Em formação","33800",""
"Auto","AFC+03","CREDITO ALTO PREMIUM 3","140000",,,"1456","1456","20","90","15",,"2","Não possui","","1 por mês","Não possui","15%","998","Em formação","36400",""
"Auto","AFC+04","CREDITO ALTO PREMIUM 4","150000",,,"1560","1560","20","90","15",,"2","Não possui","","1 por mês","Não possui","15%","998","Em formação","39000",""
"Auto","AFC+05","CREDITO ALTO PREMIUM 5","160000",,,"1664","1664","20","90","15",,"2","Não possui","","1 por mês","Não possui","15%","998","Em formação","41600",""
"Auto","AFC+06","CREDITO ALTO PREMIUM 6","170000",,,"1768","1768","20","90","15",,"2","Não possui","","1 por mês","Não possui","15%","998","Em formação","44200",""
"Auto","AFC+07","CREDITO ALTO PREMIUM 7","180000",,,"1872","1872","20","90","15",,"2","Não possui","","1 por mês","Não possui","15%","998","Em formação","46800",""
"Auto","AFC+08","CREDITO ALTO PREMIUM 8","190000",,,"1976","1976","20","90","15",,"2","Não possui","","1 por mês","Não possui","15%","998","Em formação","49400",""
"Auto","AFC+09","CREDITO ALTO PREMIUM 9","200000",,,"2080","2080","20","90","15",,"2","Não possui","","1 por mês","Não possui","15%","998","Em formação","52000",""
